"RiskLevel","RiskCount","Total","Prob"
"A",52853,644706,0.0819800032883206
"B",16037,644706,0.024874904219908
"C",34756,644706,0.0539098441770357
"D",46299,644706,0.0718141292309983
"O",494761,644706,0.767421119083737
